{"cameraMode":{"drawMode":0,"name":"Shaded","section":"Shading Mode"},"sceneLighting":false,"audioPlay":false,"sceneViewState":{"showFog":true,"showMaterialUpdate":false,"showSkybox":true,"showFlares":true,"showImageEffects":true,"showParticleSystems":true},"in2DMode":false,"pivot":{"x":204.47897338867188,"y":12.654837608337403,"z":-157.03610229492188},"rotation":{"x":-0.10817614197731018,"y":0.7461161613464356,"z":0.1251579076051712,"w":0.6449543237686157},"size":7.107323169708252,"orthographic":false}