{"cameraMode":{"drawMode":0,"name":"Shaded","section":"Shading Mode"},"sceneLighting":false,"audioPlay":false,"sceneViewState":{"showFog":true,"showMaterialUpdate":false,"showSkybox":true,"showFlares":true,"showImageEffects":true,"showParticleSystems":true},"in2DMode":false,"pivot":{"x":10.626060485839844,"y":-1.0538101196289063,"z":135.20733642578126},"rotation":{"x":-0.39717793464660647,"y":0.10566364228725434,"z":-0.04617399722337723,"w":-0.91059410572052},"size":162.93502807617188,"orthographic":false}