{"cameraMode":{"drawMode":0,"name":"Shaded","section":"Shading Mode"},"sceneLighting":false,"audioPlay":false,"sceneViewState":{"showFog":true,"showMaterialUpdate":false,"showSkybox":true,"showFlares":true,"showImageEffects":true,"showParticleSystems":true},"in2DMode":false,"pivot":{"x":-112.59347534179688,"y":-55.528663635253909,"z":349.9497375488281},"rotation":{"x":0.0695161446928978,"y":-0.8517339825630188,"z":0.1174006462097168,"w":0.5066605806350708},"size":5.472431182861328,"orthographic":false}